Location,Total Weight,Ulth Offer,Total Value,Quantity,Item,aura,Category,Source,Appraise DC,Appraised Value,Die Roll,Ulthirmbor Multiplier,Value,Market,Weight,Party,M,Sale Value Per.,Estimated Value,Qty.,PC desc.,Total Weight.,Serial.,Source.,Location.,U,V,W
Already sold or on PC sheet,,0,100,4,Tanglefoot bag,,,,,1,,,25,50,,?,,25,,4,Tanglefoot bag,,1001,,Already sold or on PC sheet,,,
Already sold or on PC sheet,,0,2000,1,Platinum jewel case w/ gem that matches amulet from mind flayer,,,mind flayer,,,,,2000,4000,,?,,2000,,1,Platinum jewel case w/ gem that matches amulet from mind flayer,,1002,mind flayer,Already sold or on PC sheet,,,
Already sold or on PC sheet,,0,40,1,"velvet hooded cloak, embroidered",,,mind flayer,,,,,40,80,,?,,40,,1,"velvet hooded cloak, embroidered",,1003,mind flayer,Already sold or on PC sheet,,,
Already sold or on PC sheet,,0,4600,1,amulet w/ gem: planar beacon,,,mind flayer,,,,,4600,9200,,?,,4600,,1,amulet w/ gem: planar beacon,,1004,mind flayer,Already sold or on PC sheet,,,
Already sold or on PC sheet,,0,3462.5,1,"high-quality studded leather, endure elements, +1 slick",,,mind flayer,,,,,3462.5,6925,,?,,3462.5,,1,"high-quality studded leather, endure elements, +1 slick",,1005,mind flayer,Already sold or on PC sheet,,,
Already sold or on PC sheet,,0,2175,1,"+2 large chain shirt, high-quality, magic",,,ogre mage,,,,,2175,4350,,?,,2175,,1,"+2 large chain shirt, high-quality, magic",,1006,ogre mage,Already sold or on PC sheet,,,
Already sold or on PC sheet,,0,200,1,large mighty (+3) composite longbow,,,ogre mage,,,,,200,400,,?,,200,,1,large mighty (+3) composite longbow,,1007,ogre mage,Already sold or on PC sheet,,,
Already sold or on PC sheet,,0,0,1,large greatsword,,,ogre mage,,,,,0,,,?,,0,,1,large greatsword,,1008,ogre mage,Already sold or on PC sheet,,,
Already sold or on PC sheet,,0,8,16,"large arrows, 16",,,ogre mage,,,,,0.5,1,,?,,0.5,,16,"large arrows, 16",,1009,ogre mage,Already sold or on PC sheet,,,
Already sold or on PC sheet,,0,5000,20,"ornate gold bracelets, 20 (worth 5000gp)",,,ogre mage,,,,,250,,,?,,250,,20,"ornate gold bracelets, 20 (worth 5000gp)",,1010,ogre mage,Already sold or on PC sheet,,,
Already sold or on PC sheet,,0,4157.5,1,+1 shocking heavy flail,,,goat man,,,,,4157.5,8315,,?,,4157.5,,1,+1 shocking heavy flail,,1011,goat man,Already sold or on PC sheet,,,
Already sold or on PC sheet,,0,17.5,1,light crossbow,,,goat man,,,,,17.5,35,,?,,17.5,,1,light crossbow,,1012,goat man,Already sold or on PC sheet,,,
Already sold or on PC sheet,,0,1,20,bolts,,,goat man,,,,,0.05,0.1,,?,,0.05,,20,bolts,,1013,goat man,Already sold or on PC sheet,,,
Already sold or on PC sheet,,0,412.5,5,masterwork bucklers,,,,,,,,82.5,165,,?,,82.5,,5,masterwork bucklers,,1014,,Already sold or on PC sheet,,,
Already sold or on PC sheet,,0,350,4,mw studded leather,,,,,,,,87.5,175,,?,,87.5,,4,mw studded leather,,1015,,Already sold or on PC sheet,,,
Already sold or on PC sheet,,0,3625,29,"bag of silver pearls, 29",,,nerullian,,,,,125,,,?,,125,,29,"bag of silver pearls, 29",,1016,nerullian,Already sold or on PC sheet,,,
Already sold or on PC sheet,,0,10,40,"darts, 40",,,nerullian,,,,,0.25,0.5,,?,,0.25,,40,"darts, 40",,1017,nerullian,Already sold or on PC sheet,,,
Already sold or on PC sheet,,0,0,,?strange object from black stag's list? klein bottle mace summon focus?,,,the blessed,,,,,1000,2000,,?,,1000,,,?strange object from black stag's list? klein bottle mace summon focus?,,1018,the blessed,Already sold or on PC sheet,,,
Black Stag,,0,0,1,book in undercommon; stories collected by an underground civilization of victims whose brains were removed from their bodies ,,equipment,the blessed,,,,1,0,,,player,,0,,1,book in undercommon; stories collected by an underground civilization of victims whose brains were removed from their bodies ,,1019,the blessed,Black Stag,,,
Black Staff,,0,0,1,"book in undercommon; apparently by the same author, makes almost no sense, seems to be a travelog through a dream/nightmare",,equipment,the blessed,,,,1,0,,,player,,0,,1,"book in undercommon; apparently by the same author, makes almost no sense, seems to be a travelog through a dream/nightmare",,1020,the blessed,Black Staff,,,
Already sold or on PC sheet,,0,200,2,"silver & amethyst brooches, symbols for favor from Lady Eriana",,,lady eriana,,,,,100,,,?,,100,,2,"silver & amethyst brooches, symbols for favor from Lady Eriana",,1021,lady eriana,Already sold or on PC sheet,,,
Sold,,0,4153,1,+1 manbane sickle,,,assassins,,,,,4153,8306,,--,,4153,,1,+1 manbane sickle,,1022,assassins,Sold,,,
Sold,,0,4153,1,+1 vicious sickle,,,assassins,,,,,4153,8306,,--,,4153,,1,+1 vicious sickle,,1023,assassins,Sold,,,
Already sold or on PC sheet,,0,50,2,potions of cure light wounds,,,assassins,,,,,25,50,,?,,25,,2,potions of cure light wounds,,1024,assassins,Already sold or on PC sheet,,,
Already sold or on PC sheet,,0,150,1,potion of spider climb,,,assassins,,,,,150,300,,?,,150,,1,potion of spider climb,,1025,assassins,Already sold or on PC sheet,,,
Already sold or on PC sheet,,0,1,1,Dagger,,,"dyson, tiefling sorcerer",,,,,1,2,,?,,1,,1,dagger,,1026,"dyson, tiefling sorcerer",Already sold or on PC sheet,,,
Already sold or on PC sheet,,0,52.5,1,wand of Tenser’s floating disk (7 charges),,,"dyson, tiefling sorcerer",,,,,52.5,105,,?,,52.5,,1,wand of Tenser’s floating disk (7 charges),,1027,"dyson, tiefling sorcerer",Already sold or on PC sheet,,,
Already sold or on PC sheet,,0,25,1,potion of CLW,,,"dyson, tiefling sorcerer",,,,,25,50,,?,,25,,1,potion of CLW,,1028,"dyson, tiefling sorcerer",Already sold or on PC sheet,,,
Already sold or on PC sheet,,0,75,1,arcane scroll of see invisibility,,,"dyson, tiefling sorcerer",,,,,75,150,,?,,75,,1,arcane scroll of see invisibility,,1029,"dyson, tiefling sorcerer",Already sold or on PC sheet,,,
Already sold or on PC sheet,,0,2000,1,cloak of charisma +2,,,"dyson, tiefling sorcerer",,,,,2000,4000,,?,,2000,,1,cloak of charisma +2,,1030,"dyson, tiefling sorcerer",Already sold or on PC sheet,,,
Already sold or on PC sheet,,0,4125,1,wand of nondetection (30 charges),,,"dyson, tiefling sorcerer",,,,,4125,8250,,?,,4125,,1,wand of nondetection (30 charges),,1031,"dyson, tiefling sorcerer",Already sold or on PC sheet,,,
Already sold or on PC sheet,,0,50,2,platinum ring worth 50gp (focus for shield other spell),,,"dyson, tiefling sorcerer",,,,,25,50,,?,,25,,1,platinum ring,,1032,"dyson, tiefling sorcerer",Already sold or on PC sheet,,,
,,7000,7000,1,"amazing chest [14,000gp]",strong transmutation and conjuration,equipment,"dyson, tiefling sorcerer",,,,1,7000,14000,,player,,,,1,magic chest,,1033,"dyson, tiefling sorcerer",,,,
,,2.5,2.5,1,key to amazing chest,strong transmutation and conjuration,equipment,"dyson, tiefling sorcerer",,,,1,2.5,5,,player,,,,1,key on chain,,1034,"dyson, tiefling sorcerer",,,,
Already sold or on PC sheet,,0,1125,2,"Four scrolls of Lesser Planar Binding (Wiz5), each protected with Explosive Runes (DC 28 to find via Search; 6d6 force damage if read; Wiz3 Abjuration) [1,125gp]",,,"dyson, tiefling sorcerer",,,,,562.5,1125,,?,,562.5,,2,scrolls of Lesser Planar Binding (Wiz5),,1035,"dyson, tiefling sorcerer",Already sold or on PC sheet,,,
Already sold or on PC sheet,,0,2275,2,"Two scrolls of Plane Shift (Wiz7), each protected with Explosive Runes (DC 28 to find via Search; 6d6 force damage if read; Wiz3 Abjuration) [2,275gp]",,,"dyson, tiefling sorcerer",,,,,1137.5,2275,,?,,1137.5,,2,scrolls of Plane Shift (Wiz7),,1036,"dyson, tiefling sorcerer",Already sold or on PC sheet,,,
Already sold or on PC sheet,,0,300,3,"Tuning forks for Azzagrat (Abyss 45), the Outlands & the Prime (sell for more once ID'd)",,,"dyson, tiefling sorcerer",,,,,100,200,,?,,100,,3,tuning forks; planar keys (can't ID with Magic; worth more if known destination),,1037,"dyson, tiefling sorcerer",Already sold or on PC sheet,,,
Already sold or on PC sheet,,0,3,6,6 Badges with a red six-fingered hand,,,"dyson, tiefling sorcerer",,,,,0.5,1,,?,,0.5,,6,6 Badges with a red six-fingered hand (not magic),,1038,"dyson, tiefling sorcerer",Already sold or on PC sheet,,,
Already sold or on PC sheet,,0,2250,1,"Wand of Resist Energy (Wiz2) [4,500gp]",,,"dyson, tiefling sorcerer",,,,,2250,4500,,?,,2250,,1,"Wand of Resist Energy (Wiz2) [4,500gp]",,1039,"dyson, tiefling sorcerer",Already sold or on PC sheet,,,
Already sold or on PC sheet,,0,4207.5,1,"undying staff (16 charges; CL 12; animate dead, create undead [2charges], slay living [2charges])",,,"henwen, druid/cleric",,,,,4207.5,8415,,?,,4207.5,,1,"undying staff (16 charges; CL 12; animate dead, create undead [2charges], slay living [2charges])",,1040,"henwen, druid/cleric",Already sold or on PC sheet,,,
Illigrim,,0,100,1,block of incense of obsession,,,"henwen, druid/cleric",,,,,100,200,,?,,100,,1,block of incense of obsession,,1041,"henwen, druid/cleric",Illigrim,,,
Already sold or on PC sheet,,0,0,0,platinum ring worth 50 gp (for shield other spell),,,"henwen, druid/cleric",,,,,25,50,,?,,25,,1,platinum ring,,1042,"henwen, druid/cleric",Already sold or on PC sheet,,,
Already sold or on PC sheet,,0,3750,1,lute version of the harp of charming (suggestion spells),,,"cuckoo, vrock bard",,,,,3750,7500,,?,,3750,,1,lute version of the harp of charming (suggestion spells),,1043,"cuckoo, vrock bard",Already sold or on PC sheet,,,
Already sold or on PC sheet,,0,3500,1,ring of misdirection,,,"cuckoo, vrock bard",,,,,3500,7000,,?,,3500,,1,ring of misdirection,,1044,"cuckoo, vrock bard",Already sold or on PC sheet,,,
traded to Mercane,,0,75,1,"ritual scar of the blessing of the succubus, which grants the succubus’ Change Shape ability",,,"cuckoo, vrock bard",,,,,75,150,,?,,75,,1,scar on the skin of the demon (not magic; possibly worth more to a collector or scholar),,1045,"cuckoo, vrock bard",traded to Mercane,,,
destroyed,,0,15000,1,special flower; edible petals,,,dyson's tower,,,,,15000,30000,,?,,15000,,1,"special flower; edible petals, (did not use magic to ID)",,1046,dyson's tower,destroyed,,,
Already sold or on PC sheet,,0,300,2,"spellbooks (no spells, written in, interesting research)",,,dyson's tower,,,,,150,300,,?,,150,,2,"spellbooks (no spells, written in, interesting research)",,1047,dyson's tower,Already sold or on PC sheet,,,
Already sold or on PC sheet,,0,100,1,collection of special inks,,,dyson's tower,,,,,100,200,,?,,100,,1,collection of special inks,,1048,dyson's tower,Already sold or on PC sheet,,,
Already sold or on PC sheet,,0,17700,1,"+2 Giant-Bane Great sword, intelligent, INT/WIS 15, CHA 10, EGO 16, Speach, 60 ft. darkvision and hearing, Unseen Servant (1/day), Major Image (1/day), Cure Moderate Wounds 2d8+3 (3/day); speaks Common, Giant, Dwarven, Gnomish, Celestial, Draconic [desc: ornate gold-embellished and bejeweled handle, Strong Conjuration aura; CL 16th]",,,Giants' Lodge,,,,,17700,35400,,?,,,,1,"Great sword, ornate gold-embellished and bejeweled handle, Strong aura.",,1049,Giants' Lodge,Already sold or on PC sheet,,,
Already sold or on PC sheet,,0,1350,1,Melted gold coin pile,,bullion,Giants' Lodge,,,,,1350,1500,,?,,,,30 lbs,Melted gold coin pile,,1050,Giants' Lodge,Already sold or on PC sheet,,,
Already sold or on PC sheet,,0,1500,1,"Gem, fist-sized, (spinel), from skull",,gem,Giants' Lodge,,,,,1500,2000,,?,,,,1,"Gem, fist-sized, (spinel)",,1051,Giants' Lodge,Already sold or on PC sheet,,,
Already sold or on PC sheet,,0,675,9,Gem (jasper),,gem,Giants' Lodge,,,,,75,100,,?,,,,9,Gem (jasper),,1052,Giants' Lodge,Already sold or on PC sheet,,,
Already sold or on PC sheet,,0,975,1,Gem (diamond),,gem,Giants' Lodge,,,,,975,1300,,?,,,,1,Gem (diamond),,1053,Giants' Lodge,Already sold or on PC sheet,,,
Already sold or on PC sheet,,0,3750,1,Gem (emerald),,gem,Giants' Lodge,,,,,3750,5000,,?,,,,1,Gem (emerald),,1054,Giants' Lodge,Already sold or on PC sheet,,,
Already sold or on PC sheet,,0,2250,3,Gem (amethyst),,gem,Giants' Lodge,,,,,750,1000,,?,,,,3,Gem (amethyst),,1055,Giants' Lodge,Already sold or on PC sheet,,,
Already sold or on PC sheet,,0,1500,4,Gem (tourmaline),,gem,Giants' Lodge,,,,,375,500,,?,,,,4,Gem (tourmaline),,1056,Giants' Lodge,Already sold or on PC sheet,,,
Already sold or on PC sheet,,0,187.5,5,Gem (onyx),,gem,Giants' Lodge,,,,,37.5,50,,?,,,,5,Gem (onyx),,1057,Giants' Lodge,Already sold or on PC sheet,,,
Already sold or on PC sheet,,0,60,8,Gem (catseye),,gem,Giants' Lodge,,,,,7.5,10,,?,,,,8,Gem (catseye),,1058,Giants' Lodge,Already sold or on PC sheet,,,
Surfeit,,700,700,1,Belt with gold buckle and gems (Hambone took it),,garments,Giants' Lodge,,,,1,700,1400,,player,,,,1,Belt with gold buckle and gems (Hambone took it),,1059,Giants' Lodge,Surfeit,,,
Already sold or on PC sheet,,0,28.8,320,Scrap silver,,,Giants' Lodge,,,,,0.09,0.1,,?,,,,6 lbs,Scrap silver,,1060,Giants' Lodge,Already sold or on PC sheet,,,
Already sold or on PC sheet,,0,1100,110,Platinum coins,,,Giants' Lodge,,,,,10,10,,?,,,,110,Platinum coins,,1061,Giants' Lodge,Already sold or on PC sheet,,,
Already sold or on PC sheet,,0,50,1,"Iron chest of the matron (potions, gold coins, bracelets)",,,Hill Giant's Dungeon,,,,,50,100,,?,,,,1,"Iron chest of the matron (potions, gold coins, bracelets)",,1062,Hill Giant's Dungeon,Already sold or on PC sheet,,,
Already sold or on PC sheet,,0,3000,3,Bracelet (matron's chest),,,Hill Giant's Dungeon,,,,,1000,2000,,?,,,,3,Bracelet (matron's chest),,1063,Hill Giant's Dungeon,Already sold or on PC sheet,,,
Already sold or on PC sheet,,0,3000,3000,Gold Coins (matron's chest),,,Hill Giant's Dungeon,,,,,1,1,,?,,,,3000,Gold Coins (matron's chest),,1064,Hill Giant's Dungeon,Already sold or on PC sheet,452507.05,11075,
sold,,0,20160,1,"Scarab of Insanity: This scarab is absolutely indistinguishable from any other amulet, brooch, or scarab. When displayed and a command word is spoke, all other creatures within 20 feet must make a Will save (DC 17). Those failing the save are completely insane as per the confusion spell for 10 rounds, unable to cast spells or use reasoning of any sort. The scarab can be used 4/day.
Caster Level: 7th; Prerequisites: Craft Wondrous Item, confusion; Market Price: 40,320 gp; Converted From: scarab of insanity.

Read more: http://www.enworld.org/forum/showthread.php?251-Missing-Magic-Items-Critques-Welcome!&s=25eaa021f8c0a10d1fbfb7baa65038c6#ixzz2uURoVKBn",,,Alien Room,,,,,20160,40320,,?,,,,1,Scarab -- jewelry,,1065,Alien Room,sold,75417.84167,,
Already sold or on PC sheet,,0,13732.5,1,+3 Large Battleaxe,,,Keeper,,,,,13732.5,18310,,?,,,,1,(magic) Large Battleaxe,,1066,Keeper,Already sold or on PC sheet,,,13000
Already sold or on PC sheet,,0,5400,5400,Gold coins (keeper),,,Keeper,,,,,1,1,,?,,,,5400,Gold coins (keeper),,1067,Keeper,Already sold or on PC sheet,,,36000
Already sold or on PC sheet,,0,1875,5,Gem (tourmaline),,gem,Keeper,,,,,375,500,,?,,,,5,Gem (tourmaline),,1068,Keeper,Already sold or on PC sheet,,,6500
Already sold or on PC sheet,,0,300,4,Gem (jasper),,gem,Keeper,,,,,75,100,,?,,,,4,Gem (jasper),,1069,Keeper,Already sold or on PC sheet,,,
Already sold or on PC sheet,,0,2250,4,Potion of Water Breathing,,,Keeper,,,,,562.5,750,,?,,,,4,Potion of Water Breathing,,1070,Keeper,Already sold or on PC sheet,2250,2250,
Already sold or on PC sheet,,0,9175,1,+1 Unholy Large Greatsword,,,Chief,,,,,9175,18350,,?,,,,1,(magic) Large Greatsword (evil-looking),,1071,Chief,Already sold or on PC sheet,9175,,
Already sold or on PC sheet,,0,8325,1,Large Adamantine Full Plate,,,Chief,,,,,8325,16650,,?,,,,1,Large Adamantine Full Plate,,1072,Chief,Already sold or on PC sheet,,,
Illigrim,,5000,5000,2,"immovable rods, both in Illigrim's possession.",,equipment,Giants' Lodge,,,,1,2500,5000,,player,,,,2,"immovable rods, both in Illigrim's possession.",,1073,Giants' Lodge,Illigrim,,5000,
Already sold or on PC sheet,,0,108000,32,pieces of jewely.,,,Slain Giants and Ogres,,,,,3375,4500,,?,,,,32,pieces of jewely.,,1074,Slain Giants and Ogres,Already sold or on PC sheet,,,
Already sold or on PC sheet,,0,120000,24,"well-made barrels of exceptional wine, and the barrels themselves.",,,Giant's Storage,,,,,5000,10000,,?,,,,24,"well-made barrels of exceptional wine, and the barrels themselves.",,1075,Giant's Storage,Already sold or on PC sheet,,,
Already sold or on PC sheet,,0,14320,14320,Gold coins (stone giants),,,Stone Giants' quarters,,,,,1,1,,?,,,,14320,Gold coins (stone giants),,1076,Stone Giants' quarters,Already sold or on PC sheet,,,
Already sold or on PC sheet,,0,130,13000,copper pieces (or 130 gp),,,Minor Treasure Room,,,,,0.01,0.01,,?,,,,13000,copper pieces (or 130 gp),,1077,Minor Treasure Room,Already sold or on PC sheet,,,
Already sold or on PC sheet,,0,2730,27300,"silver pieces (or 2,700 gp)",,,Minor Treasure Room,,,,,0.1,0.1,,?,,,,27300,"silver pieces (or 2,700 gp)",,1078,Minor Treasure Room,Already sold or on PC sheet,,,
Already sold or on PC sheet,,0,2856,7140,"electrum pieces (or 3,500 gp)",,,Minor Treasure Room,,,,,0.4,0.4,,?,,,,7140,"electrum pieces (or 3,500 gp)",,1079,Minor Treasure Room,Already sold or on PC sheet,,,
Already sold or on PC sheet,,0,562.5,1,potion poison,,,Minor Treasure Room,,,,,562.5,750,,?,,,,1,potion poison,,1080,Minor Treasure Room,Already sold or on PC sheet,,,
Already sold or on PC sheet,,0,108,27,copper ingots of 8 lbs each (worth around 108 gp),,,Minor Treasure Room,,,,,4,4,,?,,,,27,copper ingots of 8 lbs each (worth around 108 gp),,1081,Minor Treasure Room,Already sold or on PC sheet,,,
Already sold or on PC sheet,,0,8250,11,ivory tusks,,,Minor Treasure Room,,,,,750,1000,,?,,,,11,ivory tusks,,1082,Minor Treasure Room,Already sold or on PC sheet,,,
Already sold or on PC sheet,,0,735,980,small gems,,,Minor Treasure Room,,,,,0.75,1,,?,,,,980,small gems,,1083,Minor Treasure Room,Already sold or on PC sheet,,,
Already sold or on PC sheet,,0,23840,23840,"gold pieces in a large chest, and the chest itself.",,,Secret Room,,,,,1,1,,?,,,,23840,"gold pieces in a large chest, and the chest itself.",,1084,Secret Room,Already sold or on PC sheet,,,
Already sold or on PC sheet,,0,41390,4139,"platinum pieces in an iron box, and the box itself.",,,Secret Room,,,,,10,10,,?,,,,4139,"platinum pieces in an iron box, and the box itself.",,1085,Secret Room,Already sold or on PC sheet,,,
Already sold or on PC sheet,,0,3075,41,gem,,gem,Secret Room,,,,,75,100,,?,,,,41,gem,,1086,Secret Room,Already sold or on PC sheet,,,
Already sold or on PC sheet,,0,4875,13,gem,,gem,Secret Room,,,,,375,500,,?,,,,13,gem,,1087,Secret Room,Already sold or on PC sheet,,,
Already sold or on PC sheet,,0,6000,8,gem,,gem,Secret Room,,,,,750,1000,,?,,,,8,gem,,1088,Secret Room,Already sold or on PC sheet,,,
Already sold or on PC sheet,,0,6375,17,"pieces of jewelry and a pile of gems in 2 separate coffers, and the coffers themselves.",,,Secret Room,,,,,375,500,,?,,,,17,"pieces of jewelry and a pile of gems in 2 separate coffers, and the coffers themselves.",,1089,Secret Room,Already sold or on PC sheet,,,
Already sold or on PC sheet,,0,320,4,3 keys that go with 4 decently made giant locks.,,,Secret Room,,,,,80,160,,?,,,,4,3 keys that go with 4 decently made giant locks.,,1090,Secret Room,Already sold or on PC sheet,,,
Already sold or on PC sheet,,0,2250,1,magical barrel with an illusion of brokenness on it. Inside the barrel:,,,Secret Room,,,,,2250,3000,,?,,,,1,magical barrel with an illusion of brokenness on it. Inside the barrel:,,1091,Secret Room,Already sold or on PC sheet,,,
Already sold or on PC sheet,,0,5,1,scrollcase,,,Secret Room,,,,,5,10,,?,,,,1,scrollcase,,1092,Secret Room,Already sold or on PC sheet,,,
Already sold or on PC sheet,,0,3825,1,"obsidian box, with a long chain made of strange black metal and a folded parchment with giantish writing. We haven't had it read by Clouderson yet.",,,Secret Room,,,,,3825,7650,,?,,,,1,"obsidian box, with a long chain made of strange black metal and a folded parchment with giantish writing. We haven't had it read by Clouderson yet.",,1093,Secret Room,Already sold or on PC sheet,3825,3825,
Already sold or on PC sheet,,0,13726.5,1,+3 spear (secret room),,,Secret Room,,,,,13726.5,18302,,?,,,,1,(magic) spear,,1094,Secret Room,Already sold or on PC sheet,,,
Already sold or on PC sheet,,0,12472.5,2,+1 flaming longswords (secret room),,,Secret Room,,,,,6236.25,8315,,?,,,,2,(magic) flaming longsword,,1095,Secret Room,Already sold or on PC sheet,,,
Already sold or on PC sheet,,0,1377.75,11,+2 arrows (secret room),,,Secret Room,,,,,125.25,167,,?,,,,11,(magic) arrows,,1096,Secret Room,Already sold or on PC sheet,,,
Already sold or on PC sheet,,0,875,7,"chests, some with secret compartments or trapped openings. In the chests:",,,Minor Treasure Room,,,,,125,250,,?,,,,7,"chests, some with secret compartments or trapped openings. In the chests:",,1097,Minor Treasure Room,Already sold or on PC sheet,,,
Already sold or on PC sheet,,0,-60,60,Wages for Lesser Ogres,,,Wages,,,,,-1,-1,,?,,-60,,60,Wages for Lesser Ogres,,1098,Wages,Already sold or on PC sheet,,,
Already sold or on PC sheet,,0,0,1,demonic room and altar,,,Alien Room,,,,,0,0,,?,,,,1,demonic room and altar,,1099,Alien Room,Already sold or on PC sheet,,,
Already sold or on PC sheet,,0,1500,15,Large giant chain shirts,,,Frost Giants,,,,,100,200,,?,,,,15,Large giant chain shirts,,1100,Frost Giants,Already sold or on PC sheet,,,
Already sold or on PC sheet,,0,0,15,"Large giant greataxes, hard ice",,,Frost Giants,,,,,0,,,?,,,,15,"Large giant greataxes, hard ice",,1101,Frost Giants,Already sold or on PC sheet,,,
Already sold or on PC sheet,,0,0,2,"Large giant battleaxes, hard ice",,,Frost Giants,,,,,0,,,?,,,,2,"Large giant battleaxes, hard ice",,1102,Frost Giants,Already sold or on PC sheet,,,
Already sold or on PC sheet,,0,400,2,Large giant breastplates,,,Frost Giants,,,,,200,400,,?,,,,2,Large giant breastplates,,1103,Frost Giants,Already sold or on PC sheet,,,
Already sold or on PC sheet,,0,6600,11,Ivory Tusks,,,Yeti Room,,,,,600,800,,?,,,,11,Ivory Tusks,,1104,Yeti Room,Already sold or on PC sheet,,,
Already sold or on PC sheet,,0,300,3,Large giant chain shirts,,,"Frost Giants, Upper Level",,,,,100,200,,?,,,,3,Large giant chain shirts,,1105,"Frost Giants, Upper Level",Already sold or on PC sheet,,,
Already sold or on PC sheet,,0,10500,7,Giant gold arm band with bear sigil made from ivory and amber,,,"Frost Giants, Upper Level",,,,,1500,2000,,?,,,,7,Giant gold arm band with bear sigil made from ivory and amber,,1106,"Frost Giants, Upper Level",Already sold or on PC sheet,,,
Already sold or on PC sheet,,0,750,2,Cure Serious Wounds potions (3d8+5),,,"Frost Giants, Upper Level",,,,,375,750,,?,,,,2,Cure Serious Wounds potions (3d8+5),,1107,"Frost Giants, Upper Level",Already sold or on PC sheet,,,
Already sold or on PC sheet,,0,2085,278,Clear rock crystal,,gem,"Frost Giants, Upper Level",,,,,7.5,10,,?,,,,278,Clear rock crystal,,1108,"Frost Giants, Upper Level",Already sold or on PC sheet,,,
Illigrim,0,0,32650,1,Ring of Three Wishes (2/3),strong evocation,jewelry,"Frost Giants, Upper Level",30,--,8,,32650,65300,,Y,,,--,1,Ring of Three Wishes (2/3),,1109,"Frost Giants, Upper Level",Illigrim,,,
Landorf,,9167.5,9167.5,1,+2 Giant-Bane Bastard Sword,moderate conjuration,armament,"Frost Giants, Upper Level",,,,1,9167.5,18335,6,player,,,,1,+2 Giant-Bane Bastard Sword,,1110,"Frost Giants, Upper Level",Landorf,,,
Tryg's share,,0,3750,1,Giant Amythest Toad Statue,,,"Frost Giants, Upper Level",,,,,3750,5000,,--,,,,1,Giant Amythest Toad Statue,,1111,"Frost Giants, Upper Level",Tryg's share,,,
Already sold or on PC sheet,,0,0,4000,Gold pieces around the skeletons,,,"Frost Giants, Lower Level",,,,,,,,?,,,,4000,Gold pieces around the skeletons,,1112,"Frost Giants, Lower Level",Already sold or on PC sheet,,,
Already sold or on PC sheet,,0,0,2,2 white huge dragon corpses,,,"Frost Giants, Lower Level",,,,,,,,?,,,,2,2 white huge dragon corpses,,1113,"Frost Giants, Lower Level",Already sold or on PC sheet,,,
Already sold or on PC sheet,,0,29660,2966,pp,,,"Frost Giants, Lower Level",,,,,10,10,,?,,,,2966,pp,,1114,"Frost Giants, Lower Level",Already sold or on PC sheet,,,
Already sold or on PC sheet,,0,0,,gp,,,"Frost Giants, Lower Level",,,,,1,1,,?,,,,,gp,,1115,"Frost Giants, Lower Level",Already sold or on PC sheet,,,
Already sold or on PC sheet,,0,6928,17320,ep,,,"Frost Giants, Lower Level",,,,,0.4,0.4,,?,,,,17320,ep,,1116,"Frost Giants, Lower Level",Already sold or on PC sheet,,,
Already sold or on PC sheet,,0,7200,72000,sp,,,"Frost Giants, Lower Level",,,,,0.1,0.1,,?,,,,72000,sp,,1117,"Frost Giants, Lower Level",Already sold or on PC sheet,,,
Tryg's share,,0,18000,8,silver boxes of ivory,,,"Frost Giants, Lower Level",,,,,2250,3000,,--,,,,8,silver boxes of ivory,,1118,"Frost Giants, Lower Level",Tryg's share,,,
Tryg's share,,0,3000,1,alabaster statue,,,"Frost Giants, Lower Level",,,,,3000,4000,,--,,,,1,alabaster statue,,1119,"Frost Giants, Lower Level",Tryg's share,,,
Tryg's share,,0,2625,7,white marble statues,,,"Frost Giants, Lower Level",,,,,375,500,,--,,,,7,white marble statues,,1120,"Frost Giants, Lower Level",Tryg's share,,,
Already sold or on PC sheet,,0,1425,1900,gems,,gem,"Frost Giants, Lower Level",,,,,0.75,1,,?,,,,1900,gems,,1121,"Frost Giants, Lower Level",Already sold or on PC sheet,,,
Already sold or on PC sheet,,0,8.25,11,pewter serving pieces,,,"Frost Giants, Lower Level",,,,,0.75,1,,?,,,,11,pewter serving pieces,,1122,"Frost Giants, Lower Level",Already sold or on PC sheet,,,
Already sold or on PC sheet,,0,0,9,shields,,,"Frost Giants, Lower Level",,,,,,,,?,,,,9,shields,,1123,"Frost Giants, Lower Level",Already sold or on PC sheet,,,
Already sold or on PC sheet,,0,0,7,suits of armor,,,"Frost Giants, Lower Level",,,,,,,,?,,,,7,suits of armor,,1124,"Frost Giants, Lower Level",Already sold or on PC sheet,,,
Already sold or on PC sheet,,0,0,1,"+3 chainmail (black, silvered)",,,"Frost Giants, Lower Level",,,,,,,,?,,,,1,"(magic) chainmail (black, silvered)",,1125,"Frost Giants, Lower Level",Already sold or on PC sheet,,,
Already sold or on PC sheet,,0,0,23,weapons,,,"Frost Giants, Lower Level",,,,,,,,?,,,,23,weapons,,1126,"Frost Giants, Lower Level",Already sold or on PC sheet,,,
Already sold or on PC sheet,,0,0,1,+2 dagger,,,"Frost Giants, Lower Level",,,,,,,,?,,,,1,(magic) dagger,,1127,"Frost Giants, Lower Level",Already sold or on PC sheet,,,
Already sold or on PC sheet,,0,0,1,potion of shrink person,,,"Frost Giants, Lower Level",,,,,,,,?,,,,1,(magic) potion,,1128,"Frost Giants, Lower Level",Already sold or on PC sheet,,,
Already sold or on PC sheet,,0,0,1,potion of fire resistance,,,"Frost Giants, Lower Level",,,,,,,,?,,,,1,(magic) potion,,1129,"Frost Giants, Lower Level",Already sold or on PC sheet,,,
Already sold or on PC sheet,,0,9000,12,diamonds,,,"Frost Giants, Lower Level",,,,,750,1000,,?,,,,12,diamonds,,1130,"Frost Giants, Lower Level",Already sold or on PC sheet,,,
Already sold or on PC sheet,,0,1200,1,Silver belt,,,"Frost Giants, Upper Level",,,,,1200,1600,,?,,,,1,Silver belt,,1131,"Frost Giants, Upper Level",Already sold or on PC sheet,,,
Already sold or on PC sheet,,0,2250,1,"Necklace
",,,"Frost Giants, Upper Level",,,,,2250,3000,,?,,,,1,"Necklace
",,1132,"Frost Giants, Upper Level",Already sold or on PC sheet,,,
Already sold or on PC sheet,,0,4128,4128,Bag of gold,,,"Frost Giants, Upper Level",,,,,1,1,,?,,,,4128,Bag of gold,,1133,"Frost Giants, Upper Level",Already sold or on PC sheet,,,
Given to King of Ulthirmbor,0,0,1155,1,+1 battle axe (dwarven; from Gorthmund),faint evocation,armament,"Frost Giants, Upper Level",20,--,5,,1155,2310,,?,,,--,1,dwarf's (magic) battle axe [faint abjuration],,1134,"Frost Giants, Upper Level",Given to King of Ulthirmbor,,,
,0,0,35490,13,"wand of cold orb (13 charges; 7d6 cold; 7th CL), in a tube case, from an elf
",moderate conjuration,equipment,"Frost Giants, Upper Level",20,--,1,,2730,5460,,Y,,,--,13,elf's tube case with (magic) wand [moderate evocation],,1135,"Frost Giants, Upper Level",,,,
Already sold or on PC sheet,,0,5250,1,human's jeweled belt,,,"Frost Giants, Upper Level",,,,,5250,7000,,?,,,,1,human's jeweled belt,,1136,"Frost Giants, Upper Level",Already sold or on PC sheet,,,
,0,0,187.5,1,scroll of protection from energy (cl 5) in protective tube,faint abjuration,equipment,"Frost Giants, Upper Level",20,375,16,,187.5,375,,Y,,,375,1,scroll of protection from energy (cl 5) in protective tube,,1137,"Frost Giants, Upper Level",,,,
Already sold or on PC sheet,,0,370,37,"dwarf's pouch of gems
",,gem,"Frost Giants, Upper Level",,,,,10,10,,?,,,,37,"dwarf's pouch of gems
",,1138,"Frost Giants, Upper Level",Already sold or on PC sheet,,,
,0,0,6000,1,human's ring of minor energy resistance (fire),faint abjuration,jewelry,"Frost Giants, Upper Level",25,--,12,,6000,12000,,Y,,,--,1,human's (magic) ring [faint abj],,1139,"Frost Giants, Upper Level",,,,
,0,0,47.1,471,silver coins in a sack found on a half-elf's corpse,,coin,"Frost Giants, Upper Level",0,0.1,4,,0.1,0.1,,Y,,,47.1,471,silver coins in a sack found on a half-elf's corpse,,1140,"Frost Giants, Upper Level",,,,
,0,0,13325,1,"human's gleaming +2 plate armor of invulnerability (DR 5/magic)
human's gleaming armor of vulnerability (-2 AC when struck in combat)",strong abjuration,armament,"Frost Giants, Upper Level",25,--,2,,13325,26650,,Y,,,--,1,human's gleaming +2 plate armor of invulnerability (DR 5/-),,1141,"Frost Giants, Upper Level",,,,
,0,0,3000,3000,gold pieces,,coin,"Frost Giants, Upper Level",0,1,14,,1,1,,Y,,,3000,3000,gold pieces,,1142,"Frost Giants, Upper Level",,,,
Sold to Ulthirmbor,0,3200,3000,4,big gems,,gem,"Frost Giants, Upper Level",15,--,1,1.066666667,750,1000,,--,,,--,4,big gems,,1143,"Frost Giants, Upper Level",Sold to Ulthirmbor,,,
,0,0,187.5,1,"cure serious wounds scroll, divine (3d8 + 5)",faint conjuration,equipment,"Frost Giants, Upper Level",20,375,18,,187.5,375,,Y,,,375,1,"cure serious wounds scroll, divine (3d8 + 5)",,1144,"Frost Giants, Upper Level",,,,
,,0,0,1,"Ear collection chest
",,corpse,Hill Giant's Common Room,,,,,0,,,player,,,,1,"Ear collection chest
",,1145,Hill Giant's Common Room,,,,
,0,0,13,1300,copper pieces,,coin,"Frost Giants, Upper Level",0,0.01,6,,0.01,0.01,,Y,,,13,1300,copper pieces,,1146,"Frost Giants, Upper Level",,,,
Tryg's share,,0,211.1,2111,silver pieces,,,"Frost Giants, Upper Level",,,,,0.1,0.1,,--,,,,2111,silver pieces,,1147,"Frost Giants, Upper Level",Tryg's share,,,
Tryg's share,,0,316.8,792,electrum pieces,,,"Frost Giants, Upper Level",,,,,0.4,0.4,,--,,,,792,electrum pieces,,1148,"Frost Giants, Upper Level",Tryg's share,,,
Tryg's share,,0,5300,5300,gold pieces,,,"Frost Giants, Upper Level",,,,,1,1,,--,,,,5300,gold pieces,,1149,"Frost Giants, Upper Level",Tryg's share,,,
Tryg's share,,0,1575,6,silver jewelry,,,"Frost Giants, Upper Level",,,,,262.5,350,,--,,,,6,silver jewelry,,1150,"Frost Giants, Upper Level",Tryg's share,,,
Tryg's share,,0,3000,8,gold jewelry,,,"Frost Giants, Upper Level",,,,,375,500,,--,,,,8,gold jewelry,,1151,"Frost Giants, Upper Level",Tryg's share,,,
,0,0,0,1,barrel of skulls,,corpse,"Frost Giants, Upper Level",0,0,7,,0,0,,Y,,,0,1,barrel of skulls,,1152,"Frost Giants, Upper Level",,,,
,0,0,375,2,potions of cure serious wounds (3d8 + 5),moderate conjuration,equipment,"Frost Giants, Upper Level",20,--,3,,187.5,375,,Y,,,--,2,Potion of Cure Serious Wounds,,1153,"Frost Giants, Upper Level",,,,
Tryg's share,,0,5600,5600,gold pieces,,,"Frost Giants, Upper Level",,,,,1,1,,--,,,,5600,gold pieces,,1154,"Frost Giants, Upper Level",Tryg's share,,,
"Surfeit, Tallinn, Black Stag, Landorf",4,0,32000,4,belts of Giant Strength +4,moderate transmutation,garments,Frost Giant Jarl,25,--,19,,8000,16000,1,Y,,,--,4,(magic) belt [moderate transmutation]; one ID'd as Belt of Giant's Strength +4,4,1155,Frost Giant Jarl,"Surfeit, Tallinn, Black Stag, Landorf",,,
,96,0,16,8,large ice spears w/ purple worm poison,,armament,Frost Giant Jarl,15,4,13,,2,4,12,Y,,,32,8,ice spears,96,1156,Frost Giant Jarl,,,,
,0,0,3500,10,Purple worm poison doses,,contraband,Frost Giant Jarl,20,700,19,,350,700,,Y,,,not ID'd,10,poison doses,,1157,Frost Giant Jarl,,,,
,0,0,480,8,Blue Whinnis poison doses,,contraband,Frost Giant Jarl,20,--,11,,60,120,,Y,,,not ID'd,8,poison doses,,1158,Frost Giant Jarl,,,,
,4,0,4,2,large daggers w/ black lotus extract,,armament,Frost Giant Jarl,15,--,9,,2,4,2,Y,,,--,2,large daggers,4,1159,Frost Giant Jarl,,,,
,0,0,2500,2,black lotus extract doses,,contraband,Frost Giant Jarl,20,--,1,,1250,2500,,Y,,,not ID'd,2,poison doses,,1160,Frost Giant Jarl,,,,
,24,0,370,1,large greataxe w/ dragon bile; MW silver + cold iron,,armament,Frost Giant Jarl,15,740,18,,370,740,24,Y,,,740,1,large greataxe w/ dragon bile; MW silver + cold iron,24,1161,Frost Giant Jarl,,,,
,0,0,5250,7,dragon bile doses,,contraband,Frost Giant Jarl,20,--,14,,750,1500,,Y,,,not ID'd,7,poison doses,,1162,Frost Giant Jarl,,,,
,0,0,50000,1,"Amulet of Nullity
This heavy golden amulet appears as though it was constructed by weaving a single loop of cable into an intricate knot. The wearer of the amulet immediately knows the command thought required to activate it, but not what it will do.
Projecting the command thought as a standard action will activate a null psionics (and magic) field in a 10 ft radius for 2 hours, with no ability to dismiss. The amulet draws psychic power from the wielder and warps reality around itself in an unnatural and unsettling way. The wielder is Nauseated while the effect is active (can only take one move action each turn), and is Sickened for another 2 hours afterward. Removing the amulet while active Paralyzes the user and whoever is touching the amulet when it is removed for the remainder of the activation. The death of the weilder ends the effect immediately.
Strong Psychokinesis; ML 12th; Craft Universal Item, null psionics field; Price 100,000 gp; Weight 2 lb.",strong kineticist,jewelry,Frost Giant Jarl,30,--,18,,50000,100000,,Y,,,--,1,IDENTIFIED: amulet of nullity (magic) amulet [strong kineticist],,1163,Frost Giant Jarl,,,,
,0,0,3575,1,+2 large full plate ,moderate abjuration,armament,Frost Giant Jarl,25,--,18,,3575,7150,,Y,,,not ID'd,1,(magic) large full plate [moderate abj],,1164,Frost Giant Jarl,,,,
Phil,0,0,2000,1,cloak of charisma +2,moderate transmutation,garments,Frost Giant Jarl,25,--,10,,2000,4000,,Y,,,not ID'd,1,IDENTIFIED: cloak of charisma +2,,1165,Frost Giant Jarl,Phil,,,
,0,0,6000,1,ring of minor energy resistance (Fire),faint abjuration,jewelry,Frost Giant Jarl,25,--,11,,6000,12000,,Y,,,not ID'd,1,(magic) ring [faint abj],,1166,Frost Giant Jarl,,,,
,0,0,4151,1,"+1 shock dagger, large",moderate evocation,armament,Frost Giant Jarl,25,--,3,,4151,8302,,Y,,,not ID'd,1,"(magic) dagger, large [moderate evocation]",,1167,Frost Giant Jarl,,,,
,0,0,4151,1,"+1 thundering dagger, large",faint necromancy,armament,Frost Giant Jarl,25,--,1,,4151,8302,,Y,,,not ID'd,1,"(magic) dagger, large [faint necromancy]",,1168,Frost Giant Jarl,,,,
Illigrim,4,0,25550,1,"Staff of Fire & Ice [35 charges]
This strong bluewood staff is ornately inlaid with red orichalcum, creating patterns of flame and ice crystals. A crystal of blue ice is embedded in the wood at one end while a pink tourmaline is held by the metal on the other. This staff can be weilded as a +1 Flaming/+1 Frost quarterstaff. 
Moderate Evocation; CL 10th; Craft Staff, Craft Magic Arms and Armor; cone of cold, mass fire shield, wall of ice, wall of fire, orb of cold, orb of fire, fireball; Price 70,506 gp (new); Weight 4 lb.
{
Base values, increase for higher level weilder:
Cone of Cold - 10d6 Cold Cone, 60ft (DC 17; 1c)
Fire Shield, Mass - As Fire Shield (half damage of fire; 1d6+10 Cold to melee attackers; or reverse), 10 rounds, allies within 30ft diameter (DC 17; 2c)
Wall of Ice - 10x 10ft squares or 13ft radius hemisphere; DC 25 STR to break through; 30hp; 10in. thick (DC 16; 2c)
Wall of Fire - 200 ft fire sheet; 50 ft radius circle; 20ft tall; 2d6+10 fire; 2d4 w/i 10ft; 1d4 w/i 20 (DC 16; 2c)
Orb of Cold - 10d6 Cold ranged touch 50ft, no save/SR, Fort DC 16 or blinded for 1r (DC 16; 1c)
Orb of Fire - 10d6 Fire ranged touch 50ft, no save/SR, Fort DC 16 or dazed for 1r (DC 16; 1c)
Fireball - 10d6 Fire Sphere 20ft radius (DC 14; 1c)
}
",moderate evocation,armament,Frost Giant Sorceress,,,,,25550,51100,4,player,,,,1,"Staff of Fire & Ice [35 charges]
This strong bluewood staff is ornately inlaid with red orichalcum, creating patterns of flame and ice crystals. A crystal of blue ice is embedded in the wood at one end while a pink tourmaline is held by the metal on the other. This staff can be weilded as a +1 Flaming/+1 Frost quarterstaff. 
Moderate Evocation; CL 10th; Weight 4 lb.
cone of cold, orb of cold, orb of fire, fireball; 
2 charges: mass fire shield, wall of ice, wall of fire;
",,1169,Frost Giant Sorceress,Illigrim,,,
,0,0,500,1,+1 cloak of resistance,faint abjuration,garments,Frost Giant Sorceress,25,--,11,,500,1000,,Y,,,not ID'd,1,(magic) cloak [faint abj],,1170,Frost Giant Sorceress,,,,
Burley,0,0,4000,1,+2 ring of protection,moderate abjuration,jewelry,Frost Giant Sorceress,25,--,12,,4000,8000,,Y,,,--,1,+2 ring of protection,,1171,Frost Giant Sorceress,Burley,,,
Cade,0,0,11250,1,"Wand of Lightning Bolts 10th level caster 50 charges,",moderate evocation,equipment,Frost Giant Sorceress,20,--,7,,11250,22500,,Y,,,--,1,"Wand of Lightning Bolts 10th level caster 50 charges,",,1172,Frost Giant Sorceress,Cade,,,
,0,0,1800,1,"Wand of Glitterdust 40 charges,",faint conjuration,equipment,Frost Giant Sorceress,20,--,5,,1800,3600,,Y,,,not ID'd,1,(magic) wand [faint conjuration],,1173,Frost Giant Sorceress,,,,
,0,0,787.5,3,"Scroll: Lightning Bolt 7th level x3,",moderate evocation,equipment,Frost Giant Sorceress,20,--,10,,262.5,525,,Y,,,--,3,Scroll: Lightning Bolt 7th level x3,,1174,Frost Giant Sorceress,,,,
,0,0,75,1,"Scroll: Invisibility,",faint illusion,equipment,Frost Giant Sorceress,20,--,10,,75,150,,Y,,,--,1,Scroll: Invisibility,,1175,Frost Giant Sorceress,,,,
,0,0,62.5,1,"Scroll: Identify,",faint divination,equipment,Frost Giant Sorceress,20,--,11,,62.5,125,,Y,,,--,1,Scroll: Identify,,1176,Frost Giant Sorceress,,,,
,0,0,6.25,1,"Scroll: Read Magic,",faint divination,equipment,Frost Giant Sorceress,20,--,4,,6.25,12.5,,Y,,,--,1,Scroll: Read Magic,,1177,Frost Giant Sorceress,,,,
,0,0,562.5,3,"Scroll: Dispel Magic x3,",faint abjuration,equipment,Frost Giant Sorceress,20,--,8,,187.5,375,,Y,,,--,3,Scroll: Dispel Magic,,1178,Frost Giant Sorceress,,,,
,0,0,375,1,Potion of Cure Serious Wounds,faint conjuration,equipment,Frost Giant Sorceress,20,--,2,,375,750,,Y,,,--,1,Potion of Cure Serious Wounds,,1179,Frost Giant Sorceress,,,,
,0,0,300,2,Potion of Cure Moderate Wounds,faint conjuration,equipment,Frost Giant Sorceress,20,--,10,,150,300,,Y,,,--,2,Potion of Cure Moderate Wounds,,1180,Frost Giant Sorceress,,,,
,0,0,150,1,Potion of Cat's Grace,faint transmutation,equipment,Frost Giant Sorceress,20,--,13,,150,300,,Y,,,--,1,Potion of Cat's Grace,,1181,Frost Giant Sorceress,,,,
,0,0,150,1,Potion of Bull's Strength,faint transmutation,equipment,Frost Giant Sorceress,20,--,2,,150,300,,Y,,,--,1,Potion of Bull's Strength,,1182,Frost Giant Sorceress,,,,
Landorf,0,0,13687.5,1,"Frost Brand
This +3 frost greatsword sheds light as a torch when the temperature drops below 0° F. At such times it cannot be concealed when drawn, nor can its light be shut off.
Its wielder is protected from fire; the sword absorbs the first 10 points of fire damage each round that the wielder would otherwise take.
A frost brand extinguishes all nonmagical fires in a 20-foot radius. As a standard action, it can also dispel lasting fire spells, but not instantaneous effects. You must succeed at a dispel check (1d20 +14) against each spell to dispel it. The DC to dispel such spells is 11 + the caster level of the fire spell.
Strong Evocation; CL 14th; Craft Magic Arms and Armor, dispel magic, ice storm, protection from energy; Price 54,475 gp; Weight 8 lbs.",strong evocation,armament,Frost Giant Sorceress,30,--,3,,13687.5,27375,,Y,,,--,1,"Identified. FROST BRAND (magic) greatsword (medium), sheds light, makes the area around it colder",,1183,Frost Giant Sorceress,Landorf,,,
Duergar Vampire,64,0,200,4,Fire Giant standard-issue greatsword,,armament,Fire Giant Squad,,,,,50,100,16,--,,50,,4,Fire Giant standard-issue greatsword,64,1184,Fire Giant Squad,Duergar Vampire,,,
Sold to Ulthirmbor,400,2160,2400,4,Fire Giant standard-issue half-plate armor,,armament,Fire Giant Squad,15,--,4,0.9,600,1200,100,--,,600,--,4,Fire Giant standard-issue half-plate armor,400,1185,Fire Giant Squad,Sold to Ulthirmbor,,,
Sold to Ulthirmbor,8,0.8,0.8,4,large sacks,,equipment,Fire Giant Squad,12,0.4,19,1,0.2,0.4,2,--,,0.2,1.6,4,large sacks,8,1186,Fire Giant Squad,Sold to Ulthirmbor,,,
Duergar Vampire,8,0,0,1,heart of a fire giant,,corpse,Fire Giant Squad,,,,,0,0,8,--,,0,,1,heart of a fire giant,8,1187,Fire Giant Squad,Duergar Vampire,,,
Duergar Vampire,16,0,0,4,"last will and testament bones
 ""Should I die, return my head, heart, and sack to King Snurre and my kin. You shall be cursed if you fail. [name of giant]""",,equipment,Fire Giant Squad,,,,,0,0,4,--,,0,,4,"last will and testament bones
 ""Should I die, return my head, heart, and sack to King Snurre and my kin. You shall be cursed if you fail. [name of giant]""",16,1188,Fire Giant Squad,Duergar Vampire,,,
Duergar Vampire,4,0,0,1,"commission bone (Kragmor)
""Kragmor Ashenback is commissioned by King Snurre to apprehend trespassers for trial. Cooperate and comply.""",,equipment,Fire Giant Squad,,,,,0,0,4,--,,0,,1,"commission bone (Kragmor)
""Kragmor Ashenback is commissioned by King Snurre to apprehend trespassers for trial. Cooperate and comply.""",4,1189,Fire Giant Squad,Duergar Vampire,,,
Sold to Ulthirmbor,2,2,2,1,scroll/map case and map (Surtalga),,equipment,Fire Giant Squad,12,4,11,1,2,4,2,--,,2,4,1,scroll/map case and map (Surtalga),2,1190,Fire Giant Squad,Sold to Ulthirmbor,,,
Black Stag,0.1,0,0,1,vellum map with notes on route through tunnels,,equipment,Fire Giant Squad,0,0,19,0,0,0,0.1,Y,,0,0,1,vellum map with notes on route through tunnels,0.1,1191,Fire Giant Squad,Black Stag,,,
Sold to Ulthirmbor,1,0.6,0.5,1,ram's horn (Thragg),,equipment,Fire Giant Squad,12,1,10,1.2,0.5,1,1,--,,0.5,1,1,ram's horn (Thragg),1,1192,Fire Giant Squad,Sold to Ulthirmbor,,,
Sold to Ulthirmbor,8,30,30,2,Hell Hound collars,,garments,Fire Giant Squad,12,30,16,1,15,30,4,--,,15,60,2,Hell Hound collars,8,1193,Fire Giant Squad,Sold to Ulthirmbor,,,
Sold to Ulthirmbor,2,2,2,4,"leather bottles, gallon each (partially filled with liquid)",,equipment,Fire Giant Squad,12,--,4,1,0.5,1,0.5,--,,0.5,--,4,"leather bottles, gallon each (partially filled with liquid)",2,1194,Fire Giant Squad,Sold to Ulthirmbor,,,
Sold to Ulthirmbor,16,1,1,2,gallons of fire water alcohol in bottles,,food,Fire Giant Squad,12,--,3,1,0.5,1,8,--,,0.5,--,2,gallons of liquid in bottles,16,1195,Fire Giant Squad,Sold to Ulthirmbor,,,
Sold to Ulthirmbor,76,19,19,19,"hard tack biscuits, large for giants",,food,Fire Giant Squad,12,2,14,1,1,2,4,--,,1,38,19,"hard tack biscuits, large for giants",76,1196,Fire Giant Squad,Sold to Ulthirmbor,,,
Duergar Vampire,10,0,50,20,"nuts, napalm",,equipment,Fire Giant Squad,,,,,2.5,5,0.5,--,,2.5,,20,- 20x nuts (unidentified plant),10,1197,Fire Giant Squad,Duergar Vampire,,,
Sold to Ulthirmbor,12,0.03,0.06,12,torches,,equipment,Fire Giant Squad,12,--,4,0.5,0.005,0.01,1,--,,0.005,--,12,torches,12,1198,Fire Giant Squad,Sold to Ulthirmbor,,,
Sold to Ulthirmbor,0.1,0.45,0.5,1,flint and steel,,equipment,Fire Giant Squad,12,1,18,0.9,0.5,1,0.1,--,,0.5,1,1,flint and steel,0.1,1199,Fire Giant Squad,Sold to Ulthirmbor,,,
,5,0,25,250,sp,,coin,Fire Giant Squad,0,0.1,13,,0.1,0.1,0.02,Y,,0.1,25,250,sp,5,1200,Fire Giant Squad,,,,
Sold to Ulthirmbor,40,135,150,1,"Chainmail armor - dark iron, permanently blood-stained, MW",,armament,Nightwalker,15,300,19,0.9,150,300,40,--,,150,300,1,"Chainmail armor - dark iron, permanently blood-stained, MW",40,1201,Nightwalker,Sold to Ulthirmbor,,,
Sold to Ulthirmbor,100,1417.5,1575,1,"Full Plate armor, large - black iron with bone motifs; MW",,armament,Nightwalker,15,--,2,0.9,1575,3150,100,--,,1575,--,1,"Full Plate armor, large - black iron with bone motifs; MW",100,1202,Nightwalker,Sold to Ulthirmbor,,,
Sold to Ulthirmbor,15,76.5,85,1,"Heavy Steel Shield with embossed demon face, MW",,armament,Nightwalker,15,170,16,0.9,85,170,15,--,,85,170,1,"Heavy Steel Shield with embossed demon face, MW",15,1203,Nightwalker,Sold to Ulthirmbor,,,
Sold to Ulthirmbor,15,76.5,85,1,"Heavy Steel Shield, MW",,armament,Nightwalker,15,170,15,0.9,85,170,15,--,,85,170,1,"Heavy Steel Shield, MW",15,1204,Nightwalker,Sold to Ulthirmbor,,,
Sold to Ulthirmbor,7.5,80,80,1,"Leather armor, small - dyed dark purple, MW",,armament,Nightwalker,15,--,7,1,80,160,7.5,--,,80,--,1,"Leather armor, small - dyed dark purple, MW",7.5,1205,Nightwalker,Sold to Ulthirmbor,,,
Sold to Ulthirmbor,2.5,76.5,76.5,1,"Light Wooden Shield, small, MW",,armament,Nightwalker,15,--,2,1,76.5,153,2.5,--,,76.5,--,1,"Light Wooden Shield, small, MW",2.5,1206,Nightwalker,Sold to Ulthirmbor,,,
Sold to Ulthirmbor,3,407.7,453,3,Masterwork Dagger,,armament,Nightwalker,15,--,6,0.9,151,302,1,--,,151,--,3,Masterwork Dagger,3,1207,Nightwalker,Sold to Ulthirmbor,,,
Sold to Ulthirmbor,1,158.4,176,1,Masterwork Dagger with hidden compartment,,armament,Nightwalker,20,352,17,0.9,176,352,1,--,,176,352,1,Masterwork Dagger with hidden compartment,1,1208,Nightwalker,Sold to Ulthirmbor,,,
Sold to Ulthirmbor,16,157.5,175,1,"Masterwork Greatsword, large - blade etched with death runes",,armament,Nightwalker,15,350,15,0.9,175,350,16,--,,175,350,1,"Masterwork Greatsword, large - blade etched with death runes",16,1209,Nightwalker,Sold to Ulthirmbor,,,
Sold to Ulthirmbor,8,140.4,156,1,Masterwork Heavy Mace,,armament,Nightwalker,15,--,9,0.9,156,312,8,--,,156,--,1,Masterwork Heavy Mace,8,1210,Nightwalker,Sold to Ulthirmbor,,,
Sold to Ulthirmbor,4,137.25,152.5,1,"Masterwork Light Mace, small",,armament,Nightwalker,15,--,7,0.9,152.5,305,4,--,,152.5,--,1,"Masterwork Light Mace, small",4,1211,Nightwalker,Sold to Ulthirmbor,,,
Sold to Ulthirmbor,4,135,150,1,"Masterwork Quarterstaff topped with skull, small",,armament,Nightwalker,15,300,19,0.9,150,300,4,--,,150,300,1,"Masterwork Quarterstaff topped with skull, small",4,1212,Nightwalker,Sold to Ulthirmbor,,,
Sold to Ulthirmbor,5,140.4,156,1,Masterwork Warhammer - handle wrapped in human leather,,armament,Nightwalker,15,--,3,0.9,156,312,5,--,,156,--,1,Masterwork Warhammer - handle wrapped in human leather,5,1213,Nightwalker,Sold to Ulthirmbor,,,
Sold to Ulthirmbor,30,90,100,1,Scale mail armor,,armament,Nightwalker,12,200,7,0.9,100,200,30,--,,100,200,1,Scale mail armor,30,1214,Nightwalker,Sold to Ulthirmbor,,,
Sold to Ulthirmbor,1,900,1000,1,"Crystal cage (unique, 2,000 gp)",,art,Nightwalker,30,--,10,0.9,1000,2000,1,--,,1000,--,1,"Crystal cage (unique, 2,000 gp)",1,1215,Nightwalker,Sold to Ulthirmbor,,,
,21.2,0,1060,1060,gp,,coin,Nightwalker,0,1,11,,1,1,0.02,Y,,1,1060,1060,gp,21.2,1216,Nightwalker,,,,
,16.4,0,8200,820,pp,,coin,Nightwalker,0,10,8,,10,10,0.02,Y,,10,8200,820,pp,16.4,1217,Nightwalker,,,,
Myconid garden,1600,0,0,1,Corpse of Large Fire Giant evil cleric of Nerull (11th level),,corpse,Nightwalker,,,,,0,0,1600,--,,0,,1,Corpse of Large Fire Giant evil cleric of Nerull (11th level),1600,1218,Nightwalker,Myconid garden,,,
Myconid garden,200,0,0,1,Corpse of Medium Dwarf Blackguard (9th level),,corpse,Nightwalker,,,,,0,0,200,--,,0,,1,Corpse of Medium Dwarf Blackguard (9th level),200,1219,Nightwalker,Myconid garden,,,
Myconid garden,200,0,0,1,Corpse of Medium Elf Cleric of Erythnul (8th level),,corpse,Nightwalker,,,,,0,0,200,--,,0,,1,Corpse of Medium Elf Cleric of Erythnul (8th level),200,1220,Nightwalker,Myconid garden,,,
Myconid garden,200,0,0,1,Corpse of Medium Mind Flayer wizard (10th level),,corpse,Nightwalker,,,,,0,0,200,--,,0,,1,Corpse of Medium Mind Flayer wizard (10th level),200,1221,Nightwalker,Myconid garden,,,
Myconid garden,25,0,0,1,Corpse of Small Gnome Necromancer Wizard (12th level),,corpse,Nightwalker,,,,,0,0,25,--,,0,,1,Corpse of Small Gnome Necromancer Wizard (12th level),25,1222,Nightwalker,Myconid garden,,,
Myconid garden,25,0,0,1,Corpse of Small Halfling Sorcerer (10th level),,corpse,Nightwalker,,,,,0,0,25,--,,0,,1,Corpse of Small Halfling Sorcerer (10th level),25,1223,Nightwalker,Myconid garden,,,
Myconid garden,25,0,0,1,Corpse of Small Kobold Cleric of Kurtulmak (7th level),,corpse,Nightwalker,,,,,0,0,25,--,,0,,1,Corpse of Small Kobold Cleric of Kurtulmak (7th level),25,1224,Nightwalker,Myconid garden,,,
Myconid garden,25,0,0,1,Corpse of Small Kobold Necromancer Wizard (8th level),,corpse,Nightwalker,,,,,0,0,25,--,,0,,1,Corpse of Small Kobold Necromancer Wizard (8th level),25,1225,Nightwalker,Myconid garden,,,
Myconid garden,3200,0,0,1,"Many, many bones",,corpse,Nightwalker,,,,,0,0,3200,--,,0,,1,"Many, many bones",3200,1226,Nightwalker,Myconid garden,,,
Sold to Ulthirmbor,0.05,1.5,1.25,5,Blank parchment scroll,,equipment,Nightwalker,12,0.5,9,1.2,0.25,0.5,0.01,--,,0.25,2.5,5,Blank parchment scroll,0.05,1227,Nightwalker,Sold to Ulthirmbor,,,
Sold to Ulthirmbor,3,9,7.5,1,Blank spellbook - necromancy themed,,equipment,Nightwalker,15,--,8,1.2,7.5,15,3,--,,7.5,--,1,Blank spellbook - necromancy themed,3,1228,Nightwalker,Sold to Ulthirmbor,,,
Sold to Ulthirmbor,6,18,15,2,Blank spellbook – leather bound,,equipment,Nightwalker,15,--,1,1.2,7.5,15,3,--,,7.5,--,2,Blank spellbook – leather bound,6,1229,Nightwalker,Sold to Ulthirmbor,,,
Sold to Ulthirmbor,2,400,400,1,Bone dust and rare spell components (800 gp worth),,equipment,Nightwalker,20,--,5,1,400,800,2,--,,400,--,1,Bone dust and rare spell components (800 gp worth),2,1230,Nightwalker,Sold to Ulthirmbor,,,
Sold to Ulthirmbor,0.4,12,10,4,Carved wooden wand,,equipment,Nightwalker,15,5,14,1.2,2.5,5,0.1,--,,2.5,20,4,Carved wooden wand,0.4,1231,Nightwalker,Sold to Ulthirmbor,,,
Sold to Ulthirmbor,0.4,450,500,4,Diamond dust for stoneskin (4x),,equipment,Nightwalker,25,--,20,0.9,125,250,0.1,--,,125,--,4,Diamond dust for stoneskin (4x),0.4,1232,Nightwalker,Sold to Ulthirmbor,,,
Sold to Ulthirmbor,0.07,3.15,3.5,7,Empty potion vials,,equipment,Nightwalker,15,--,4,0.9,0.5,1,0.01,--,,0.5,--,7,Empty potion vials,0.07,1233,Nightwalker,Sold to Ulthirmbor,,,
Sold to Ulthirmbor,0.5,0.05,0.05,1,Large leather sack,,equipment,Nightwalker,12,0.1,19,1,0.05,0.1,0.5,--,,0.05,0.1,1,Large leather sack,0.5,1234,Nightwalker,Sold to Ulthirmbor,,,
Sold to Ulthirmbor,5,25,25,1,Leather backpack - well-made with multiple pockets,,equipment,Nightwalker,15,50,13,1,25,50,5,--,,25,50,1,Leather backpack - well-made with multiple pockets,5,1235,Nightwalker,Sold to Ulthirmbor,,,
Sold to Ulthirmbor,2,202.5,225,1,Platinum censers and ritual implements (450 gp),,equipment,Nightwalker,20,450,17,0.9,225,450,2,--,,225,450,1,Platinum censers and ritual implements (450 gp),2,1236,Nightwalker,Sold to Ulthirmbor,,,
Sold to Ulthirmbor,1,150,150,1,Rare necromantic components (300 gp worth),,equipment,Nightwalker,25,--,7,1,150,300,1,--,,150,--,1,Rare necromantic components (300 gp worth),1,1237,Nightwalker,Sold to Ulthirmbor,,,
Sold to Ulthirmbor,0.4,1.2,1,4,Thin wooden stick,,equipment,Nightwalker,15,--,3,1.2,0.25,0.5,0.1,--,,0.25,--,4,Thin wooden stick,0.4,1238,Nightwalker,Sold to Ulthirmbor,,,
Sold to Ulthirmbor,6,1.35,1.5,6,Water in vials (6 vials),,equipment,Nightwalker,15,--,3,0.9,0.25,0.5,1,--,,0.25,--,6,Water in vials (6 vials),6,1239,Nightwalker,Sold to Ulthirmbor,,,
Sold to Ulthirmbor,1,50,50,1,"Black silk cloth, 6 feet diameter",,garments,Nightwalker,15,--,8,1,50,100,1,--,,50,--,1,"Black silk cloth, 6 feet diameter",1,1240,Nightwalker,Sold to Ulthirmbor,,,
Sold to Ulthirmbor,1,50,50,1,Black silk robe - exquisitely tailored,,garments,Nightwalker,20,100,16,1,50,100,1,--,,50,100,1,Black silk robe - exquisitely tailored,1,1241,Nightwalker,Sold to Ulthirmbor,,,
Sold to Ulthirmbor,1,25,25,1,Bone-decorated robe - macabre but well-made,,garments,Nightwalker,15,50,18,1,25,50,1,--,,25,50,1,Bone-decorated robe - macabre but well-made,1,1242,Nightwalker,Sold to Ulthirmbor,,,
Sold to Ulthirmbor,1,15,15,1,Dark cloak - fine wool,,garments,Nightwalker,15,30,18,1,15,30,1,--,,15,30,1,Dark cloak - fine wool,1,1243,Nightwalker,Sold to Ulthirmbor,,,
Sold to Ulthirmbor,1,15,15,1,Fine cloak - quality fabric,,garments,Nightwalker,15,--,3,1,15,30,1,--,,15,--,1,Fine cloak - quality fabric,1,1244,Nightwalker,Sold to Ulthirmbor,,,
Sold to Ulthirmbor,3,45,45,3,"Fine cloak, Small - quality fabric",,garments,Nightwalker,15,30,11,1,15,30,1,--,,15,90,3,"Fine cloak, Small - quality fabric",3,1245,Nightwalker,Sold to Ulthirmbor,,,
Sold to Ulthirmbor,1,25,25,1,Heavy leather gauntlets - well-crafted,,garments,Nightwalker,15,--,8,1,25,50,1,--,,25,--,1,Heavy leather gauntlets - well-crafted,1,1246,Nightwalker,Sold to Ulthirmbor,,,
Sold to Ulthirmbor,2,15,15,2,Leather bracers - finely tooled,,garments,Nightwalker,15,15,20,1,7.5,15,1,--,,7.5,30,2,Leather bracers - finely tooled,2,1247,Nightwalker,Sold to Ulthirmbor,,,
Sold to Ulthirmbor,1,10,10,1,Leather gloves - fine quality,,garments,Nightwalker,15,20,18,1,10,20,1,--,,10,20,1,Leather gloves - fine quality,1,1248,Nightwalker,Sold to Ulthirmbor,,,
Sold to Ulthirmbor,1,37.5,37.5,1,Shimmering cloak - fine silk with illusion patterns,,garments,Nightwalker,20,--,15,1,37.5,75,1,--,,37.5,--,1,Shimmering cloak - fine silk with illusion patterns,1,1249,Nightwalker,Sold to Ulthirmbor,,,
Sold to Ulthirmbor,1,25,25,1,Tattered blood-stained cloak - fine fabric,,garments,Nightwalker,12,50,10,1,25,50,1,--,,25,50,1,Tattered blood-stained cloak - fine fabric,1,1250,Nightwalker,Sold to Ulthirmbor,,,
Sold to Ulthirmbor,0.04,320,300,4,"Amethyst gems (4 gems, 100 gp each = 400 gp)",,gem,Nightwalker,20,--,13,1.066666667,75,100,0.01,--,,75,--,4,"Amethyst gems (4 gems, 100 gp each = 400 gp)",0.04,1251,Nightwalker,Sold to Ulthirmbor,,,
Sold to Ulthirmbor,0.03,1200,1125,3,"Black diamond gems (3 gems, 500 gp each = 1,500 gp)",,gem,Nightwalker,25,--,6,1.066666667,375,500,0.01,--,,375,--,3,"Black diamond gems (3 gems, 500 gp each = 1,500 gp)",0.03,1252,Nightwalker,Sold to Ulthirmbor,,,
Sold to Ulthirmbor,0.04,320,300,4,"Black pearls (4 gems, 100 gp each = 400 gp)",,gem,Nightwalker,25,--,2,1.066666667,75,100,0.01,--,,75,--,4,"Black pearls (4 gems, 100 gp each = 400 gp)",0.04,1253,Nightwalker,Sold to Ulthirmbor,,,
Sold to Ulthirmbor,0.03,1200,1125,3,"Black sapphires (3 gems, 500 gp each = 1,500 gp)",,gem,Nightwalker,20,--,13,1.066666667,375,500,0.01,--,,375,--,3,"Black sapphires (3 gems, 500 gp each = 1,500 gp)",0.03,1254,Nightwalker,Sold to Ulthirmbor,,,
Sold to Ulthirmbor,0.06,240,225,6,"Carnelian gems (6 gems, 50 gp each = 300 gp)",,gem,Nightwalker,15,--,2,1.066666667,37.5,50,0.01,--,,37.5,--,6,"Carnelian gems (6 gems, 50 gp each = 300 gp)",0.06,1255,Nightwalker,Sold to Ulthirmbor,,,
Sold to Ulthirmbor,0.04,320,300,4,"Emeralds (4 gems, 100 gp each = 400 gp)",,gem,Nightwalker,15,--,5,1.066666667,75,100,0.01,--,,75,--,4,"Emeralds (4 gems, 100 gp each = 400 gp)",0.04,1256,Nightwalker,Sold to Ulthirmbor,,,
Sold to Ulthirmbor,0.02,160,150,2,Large white pearl - flawless,,gem,Nightwalker,20,100,16,1.066666667,75,100,0.01,--,,75,200,2,Large white pearl - flawless,0.02,1257,Nightwalker,Sold to Ulthirmbor,,,
Sold to Ulthirmbor,0.08,64,60,8,"Obsidian gems (8 gems, 10 gp each = 80 gp)",,gem,Nightwalker,15,--,6,1.066666667,7.5,10,0.01,--,,7.5,--,8,"Obsidian gems (8 gems, 10 gp each = 80 gp)",0.08,1258,Nightwalker,Sold to Ulthirmbor,,,
Sold to Ulthirmbor,0.36,1440,1350,36,Onyx gems for animate dead,,gem,Nightwalker,15,--,2,1.066666667,37.5,50,0.01,--,,37.5,--,36,Onyx gems for animate dead,0.36,1259,Nightwalker,Sold to Ulthirmbor,,,
Sold to Ulthirmbor,0.12,480,450,12,"Onyx gems for animate dead (12 gems, 50 gp each = 600 gp)",,gem,Nightwalker,15,50,16,1.066666667,37.5,50,0.01,--,,37.5,600,12,"Onyx gems for animate dead (12 gems, 50 gp each = 600 gp)",0.12,1260,Nightwalker,Sold to Ulthirmbor,,,
Sold to Ulthirmbor,0.1,15,15,1,Bone amulet - carved in shape of rib cage,,jewelry,Nightwalker,20,--,9,1,15,30,0.1,--,,15,--,1,Bone amulet - carved in shape of rib cage,0.1,1261,Nightwalker,Sold to Ulthirmbor,,,
Sold to Ulthirmbor,0.1,10,10,1,Bone amulet - finely carved,,jewelry,Nightwalker,20,--,11,1,10,20,0.1,--,,10,--,1,Bone amulet - finely carved,0.1,1262,Nightwalker,Sold to Ulthirmbor,,,
Sold to Ulthirmbor,0.1,90,100,1,Electrum dragon skull holy symbol,,jewelry,Nightwalker,20,--,12,0.9,100,200,0.1,--,,100,--,1,Electrum dragon skull holy symbol,0.1,1263,Nightwalker,Sold to Ulthirmbor,,,
Sold to Ulthirmbor,0.01,67.5,75,1,Gold ring - ornate design,,jewelry,Nightwalker,20,--,5,0.9,75,150,0.01,--,,75,--,1,Gold ring - ornate design,0.01,1264,Nightwalker,Sold to Ulthirmbor,,,
Sold to Ulthirmbor,0.01,33.75,37.5,1,Gold ring with arcane symbols,,jewelry,Nightwalker,20,--,12,0.9,37.5,75,0.01,--,,37.5,--,1,Gold ring with arcane symbols,0.01,1265,Nightwalker,Sold to Ulthirmbor,,,
Sold to Ulthirmbor,0.01,45,50,1,Gold ring with intricate protective runes,,jewelry,Nightwalker,20,--,10,0.9,50,100,0.01,--,,50,--,1,Gold ring with intricate protective runes,0.01,1266,Nightwalker,Sold to Ulthirmbor,,,
Sold to Ulthirmbor,0.01,45,50,1,Gold ring with protective runes,,jewelry,Nightwalker,20,--,9,0.9,50,100,0.01,--,,50,--,1,Gold ring with protective runes,0.01,1267,Nightwalker,Sold to Ulthirmbor,,,
Sold to Ulthirmbor,0.01,45,50,1,Gold ring with protective runes,,jewelry,Nightwalker,20,--,7,0.9,50,100,0.01,--,,50,--,1,Gold ring with protective runes,0.01,1268,Nightwalker,Sold to Ulthirmbor,,,
Sold to Ulthirmbor,0.1,67.5,75,1,Jeweled headband - silver with sapphires,,jewelry,Nightwalker,20,--,14,0.9,75,150,0.1,--,,75,--,1,Jeweled headband - silver with sapphires,0.1,1269,Nightwalker,Sold to Ulthirmbor,,,
Sold to Ulthirmbor,0.1,12.5,12.5,1,Macabre necklace made from vertebrae,,jewelry,Nightwalker,15,--,4,1,12.5,25,0.1,--,,12.5,--,1,Macabre necklace made from vertebrae,0.1,1270,Nightwalker,Sold to Ulthirmbor,,,
Sold to Ulthirmbor,0.1,22.5,25,1,Obsidian medallion - finely carved,,jewelry,Nightwalker,20,--,15,0.9,25,50,0.1,--,,25,--,1,Obsidian medallion - finely carved,0.1,1271,Nightwalker,Sold to Ulthirmbor,,,
Sold to Ulthirmbor,0.1,360,400,1,Platinum skull amulet set with black diamonds - formerly unholy symbol,,jewelry,Nightwalker,20,800,20,0.9,400,800,0.1,--,,400,800,1,Platinum skull amulet set with black diamonds - formerly unholy symbol,0.1,1272,Nightwalker,Sold to Ulthirmbor,,,
Sold to Ulthirmbor,0.1,135,150,1,Platinum unholy symbol (300 gp),,jewelry,Nightwalker,20,--,10,0.9,150,300,0.1,--,,150,--,1,Platinum unholy symbol (300 gp),0.1,1273,Nightwalker,Sold to Ulthirmbor,,,
Sold to Ulthirmbor,0.1,50,250,1,Ruby holy symbol of Erythnul (500 gp),,jewelry,Nightwalker,20,--,10,0.2,250,500,0.1,--,,250,--,1,Ruby holy symbol of Erythnul (500 gp),0.1,1274,Nightwalker,Sold to Ulthirmbor,,,
Sold to Ulthirmbor,0.1,45,50,1,Silver amulet with obscuring veil design,,jewelry,Nightwalker,20,--,13,0.9,50,100,0.1,--,,50,--,1,Silver amulet with obscuring veil design,0.1,1275,Nightwalker,Sold to Ulthirmbor,,,
Sold to Ulthirmbor,0.1,22.5,25,1,Silver phylactery - religious symbol,,jewelry,Nightwalker,20,--,6,0.9,25,50,0.1,--,,25,--,1,Silver phylactery - religious symbol,0.1,1276,Nightwalker,Sold to Ulthirmbor,,,
Sold to Ulthirmbor,0.1,22.5,25,1,Silver ring - elegant design,,jewelry,Nightwalker,20,--,15,0.9,25,50,0.1,--,,25,--,1,Silver ring - elegant design,0.1,1277,Nightwalker,Sold to Ulthirmbor,,,
Sold to Ulthirmbor,0.1,11.25,12.5,1,Simple silver ring,,jewelry,Nightwalker,15,--,3,0.9,12.5,25,0.1,--,,12.5,--,1,Simple silver ring,0.1,1278,Nightwalker,Sold to Ulthirmbor,,,
Sold to Ulthirmbor,0.1,9,10,1,"Small headband - sized for kobold, silver wire",,jewelry,Nightwalker,15,20,12,0.9,10,20,0.1,--,,10,20,1,"Small headband - sized for kobold, silver wire",0.1,1279,Nightwalker,Sold to Ulthirmbor,,,
Sold to Ulthirmbor,0.1,11.25,12.5,1,Small obsidian amulet - carved with wisdom symbols,,jewelry,Nightwalker,20,25,19,0.9,12.5,25,0.1,--,,12.5,25,1,Small obsidian amulet - carved with wisdom symbols,0.1,1280,Nightwalker,Sold to Ulthirmbor,,,
Sold to Ulthirmbor,1,585,650,1,ceremonial electrum dagger with a star ruby in the pommel,,armament,Myconids,20,1300,16,0.9,650,1300,1,--,,650,1300,1,ceremonial electrum dagger with a star ruby in the pommel,1,1281,Myconids,Sold to Ulthirmbor,,,
Sold to Ulthirmbor,50,742.5,825,1,"masterwork full plate armor, medium size",,armament,Myconids,15,--,9,0.9,825,1650,50,--,,825,--,1,"masterwork full plate armor, medium size",50,1282,Myconids,Sold to Ulthirmbor,,,
Sold to Ulthirmbor,0.1,31.5,35,1,ivory statuette,,art,Myconids,20,70,19,0.9,35,70,0.1,--,,35,70,1,ivory statuette,0.1,1283,Myconids,Sold to Ulthirmbor,,,
,5.6,0,2.8,280,cp,,coin,Myconids,0,0.01,12,,0.01,0.01,0.02,Y,,0.01,2.8,280,cp,5.6,1284,Myconids,,,,
,1.12,0,5.6,56,sp,,coin,Myconids,0,0.1,6,,0.1,0.1,0.02,Y,,0.1,5.6,56,sp,1.12,1285,Myconids,,,,
,0.66,0,33,33,gp,,coin,Myconids,0,1,14,,1,1,0.02,Y,,1,33,33,gp,0.66,1286,Myconids,,,,
Sold to Ulthirmbor,1,18,20,1,"lock, average",,equipment,Myconids,12,40,12,0.9,20,40,1,--,,20,40,1,"lock, average",1,1287,Myconids,Sold to Ulthirmbor,,,
Sold to Ulthirmbor,5,36,40,1,climber's kit,,equipment,Myconids,12,80,12,0.9,40,80,5,--,,40,80,1,climber's kit,5,1288,Myconids,Sold to Ulthirmbor,,,
Sold to Ulthirmbor,1,90,100,1,brass mug with jade inlays,,equipment,Myconids,15,200,17,0.9,100,200,1,--,,100,200,1,brass mug with jade inlays,1,1289,Myconids,Sold to Ulthirmbor,,,
Sold to Ulthirmbor,1,360,400,1,gold and topaz bottle stopper cork,,equipment,Myconids,15,--,2,0.9,400,800,1,--,,400,--,1,gold and topaz bottle stopper cork,1,1290,Myconids,Sold to Ulthirmbor,,,
Phil,1,0,3125,1,Gloves of Swimming and Climbing,faint transmutation,garments,Myconids,25,--,12,,3125,6250,1,Y,,3125,not ID'd,1,fine leather gloves (Faint transmutation); help with climbing,1,1291,Myconids,Phil,,,
,160,0,11500,1,"Nightwalker skin, torn",,corpse,Nightwalker,30,--,19,,11500,23000,160,Y,,11500,--,1,"Nightwalker skin, torn",160,1292,Nightwalker,,,,
Sold to Ulthirmbor,112,64,64,4,"fur-lined cloaks, large",,garments,Fire Giant Squad,12,--,5,1,16,32,28,--,,16,--,4,"fur-lined cloaks, large",112,1293,Fire Giant Squad,Sold to Ulthirmbor,,,
,2.3,0,1150,115,pp,,coin,Duergar Vampire,0,10,5,,10,10,0.02,Y,,10,1150,115,pp,2.3,1294,Duergar Vampire,,,,
Phil,0.03,1200,1125,3,"diamond, clear, (500gp value)",,gem,Duergar Vampire,20,--,15,1.066666667,375,500,0.01,Y,,375,--,3,"diamond, clear, (500gp value)",0.03,1295,Duergar Vampire,Phil,,,
Sold to Ulthirmbor,0.02,16,15,2,obsidian,,gem,Ropers,15,10,20,1.066666667,7.5,10,0.01,--,,7.5,20,2,obsidian,0.02,1296,Ropers,Sold to Ulthirmbor,,,
Sold to Ulthirmbor,0.03,24,22.5,3,hematite,,gem,Ropers,15,--,3,1.066666667,7.5,10,0.01,--,,7.5,--,3,hematite,0.03,1297,Ropers,Sold to Ulthirmbor,,,
Sold to Ulthirmbor,0.01,8,7.5,1,tiger eye agate,,gem,Ropers,15,10,14,1.066666667,7.5,10,0.01,--,,7.5,10,1,tiger eye agate,0.01,1298,Ropers,Sold to Ulthirmbor,,,
Sold to Ulthirmbor,0.04,32,30,4,azurite,,gem,Ropers,15,--,10,1.066666667,7.5,10,0.01,--,,7.5,--,4,azurite,0.04,1299,Ropers,Sold to Ulthirmbor,,,
,40,0,20000,2000,pp,,coin,Ulthirmbor Merchants,,,,,10,10,0.02,Y,,10,0,2000,pp,40,1300,Ulthirmbor Merchants,,,,
,4.06,0,2.03,203,cp,,coin,Ulthirmbor Merchants,,,,,0.01,0.01,0.02,Y,,0.01,0,203,cp,4.06,1301,Ulthirmbor Merchants,,,,
,,,,,,,,,,,,,,,,,,,,,,,1302,,,,,
,,,,,,,,,,,,,,,,,,,,,,,1303,,,,,
,,,,,,,,,,,,,,,,,,,,,,,1304,,,,,
,,,,,,,,,,,,,,,,,,,,,,,1305,,,,,
,,,,,,,,,,,,,,,,,,,,,,,1306,,,,,
,,,,,,,,,,,,,,,,,,,,,,,1307,,,,,
,,,,,,,,,,,,,,,,,,,,,,,1308,,,,,
,,,,,,,,,,,,,,,,,,,,,,,1309,,,,,
,,,,,,,,,,,,,,,,,,,,,,,1310,,,,,
,,,,,,,,,,,,,,,,,,,,,,,1311,,,,,
,,,,,,,,,,,,,,,,,,,,,,,1312,,,,,
,,,,,,,,,,,,,,,,,,,,,,,1313,,,,,
,,,,,,,,,,,,,,,,,,,,,,,1314,,,,,
,,,,,,,,,,,,,,,,,,,,,,,1315,,,,,
,,,,,,,,,,,,,,,,,,,,,,,1316,,,,,
,,,,,,,,,,,,,,,,,,,,,,,1317,,,,,
,,,,,,,,,,,,,,,,,,,,,,,1318,,,,,
,,,,,,,,,,,,,,,,,,,,,,,1319,,,,,
,,,,,,,,,,,,,,,,,,,,,,,1320,,,,,
,,,,,,,,,,1,12,,,,,,,,,,,,1300,,,,,
,,,,,,,,,,1,20,,,,,,,,,,,,1301,,,,,
,,,,,,,,,,1,1,,,,,,,,,,,,1302,,,,,
,,,,,,,,,,1,19,,,,,,,,,,,,1303,,,,,
,,,,,,,,,,1,20,,,,,,,,,,,,1304,,,,,
,,,,,,,,,,1,12,,,,,,,,,,,,1305,,,,,
,,,,,,,,,,1,16,,,,,,,,,,,,1306,,,,,
,,,,,,,,,,1,8,,,,,,,,,,,,1307,,,,,
,,,,,,,,,,1,3,,,,,,,,,,,,1308,,,,,
,,,,,,,,,,1,15,,,,,,,,,,,,1309,,,,,
,,,,,,,,,,1,11,,,,,,,,,,,,1310,,,,,
,,,,,,,,,,1,14,,,,,,,,,,,,1311,,,,,
,,,,,,,,,,1,2,,,,,,,,,,,,1312,,,,,
,,,,,,,,,,1,11,,,,,,,,,,,,1313,,,,,
,,,,,,,,,,1,20,,,,,,,,,,,,1314,,,,,
,,,,,,,,,,1,7,,,,,,,,,,,,1315,,,,,
,,,,,,,,,,1,3,,,,,,,,,,,,1316,,,,,
,,,,,,,,,,1,11,,,,,,,,,,,,1317,,,,,
,,,,,,,,,,1,19,,,,,,,,,,,,1318,,,,,
,,,,,,,,,,1,2,,,,,,,,,,,,1319,,,,,
,,,,,,,,,,1,13,,,,,,,,,,,,1320,,,,,
,,,,,,,,,,1,9,,,,,,,,,,,,1321,,,,,
,,,,,,,,,,1,12,,,,,,,,,,,,1322,,,,,
,,,,,,,,,,1,5,,,,,,,,,,,,1323,,,,,
,,,,,,,,,,1,2,,,,,,,,,,,,1324,,,,,
,,,,,,,,,,1,10,,,,,,,,,,,,1325,,,,,
,,,,,,,,,,1,8,,,,,,,,,,,,1326,,,,,
,,,,,,,,,,1,17,,,,,,,,,,,,1327,,,,,
,,,,,,,,,,1,16,,,,,,,,,,,,1328,,,,,
,,,,,,,,,,1,3,,,,,,,,,,,,1329,,,,,
,,,,,,,,,,1,18,,,,,,,,,,,,1330,,,,,
,,,,,,,,,,1,20,,,,,,,,,,,,1331,,,,,
,,,,,,,,,,1,3,,,,,,,,,,,,1332,,,,,
,,,,,,,,,,1,2,,,,,,,,,,,,1333,,,,,
,,,,,,,,,,1,10,,,,,,,,,,,,1334,,,,,
,,,,,,,,,,1,9,,,,,,,,,,,,1335,,,,,
,,,,,,,,,,1,5,,,,,,,,,,,,1336,,,,,
,,,,,,,,,,1,9,,,,,,,,,,,,1337,,,,,
,,,,,,,,,,1,13,,,,,,,,,,,,1338,,,,,
,,,,,,,,,,1,1,,,,,,,,,,,,1339,,,,,
,,,,,,,,,,1,20,,,,,,,,,,,,1340,,,,,
,,,,,,,,,,1,20,,,,,,,,,,,,1341,,,,,
,,,,,,,,,,1,20,,,,,,,,,,,,1342,,,,,
,,,,,,,,,,1,7,,,,,,,,,,,,1343,,,,,
,,,,,,,,,,1,19,,,,,,,,,,,,1344,,,,,
,,,,,,,,,,1,19,,,,,,,,,,,,1345,,,,,
,,,,,,,,,,1,3,,,,,,,,,,,,1346,,,,,
,,,,,,,,,,1,12,,,,,,,,,,,,1347,,,,,
,,,,,,,,,,1,4,,,,,,,,,,,,1348,,,,,
,,,,,,,,,,1,4,,,,,,,,,,,,1349,,,,,
,,,,,,,,,,1,10,,,,,,,,,,,,1350,,,,,
,,,,,,,,,,1,1,,,,,,,,,,,,1351,,,,,
,,,,,,,,,,1,3,,,,,,,,,,,,1352,,,,,
,,,,,,,,,,1,12,,,,,,,,,,,,1353,,,,,
,,,,,,,,,,1,13,,,,,,,,,,,,1354,,,,,
,,,,,,,,,,1,8,,,,,,,,,,,,1355,,,,,
,,,,,,,,,,1,16,,,,,,,,,,,,1356,,,,,
,,,,,,,,,,1,1,,,,,,,,,,,,1357,,,,,
,,,,,,,,,,1,14,,,,,,,,,,,,1358,,,,,
,,,,,,,,,,1,18,,,,,,,,,,,,1359,,,,,
,,,,,,,,,,1,5,,,,,,,,,,,,1360,,,,,
,,,,,,,,,,1,13,,,,,,,,,,,,1361,,,,,
,,,,,,,,,,1,15,,,,,,,,,,,,1362,,,,,
,,,,,,,,,,1,4,,,,,,,,,,,,1363,,,,,
,,,,,,,,,,1,3,,,,,,,,,,,,1364,,,,,
,,,,,,,,,,1,20,,,,,,,,,,,,1365,,,,,
,,,,,,,,,,1,8,,,,,,,,,,,,1366,,,,,
,,,,,,,,,,1,19,,,,,,,,,,,,1367,,,,,
,,,,,,,,,,1,16,,,,,,,,,,,,1368,,,,,
,,,,,,,,,,1,9,,,,,,,,,,,,1369,,,,,
,,,,,,,,,,1,19,,,,,,,,,,,,1370,,,,,
,,,,,,,,,,1,12,,,,,,,,,,,,1371,,,,,
,,,,,,,,,,1,19,,,,,,,,,,,,1372,,,,,
,,,,,,,,,,1,2,,,,,,,,,,,,1373,,,,,
,,,,,,,,,,1,6,,,,,,,,,,,,1374,,,,,
,,,,,,,,,,1,6,,,,,,,,,,,,1375,,,,,
,,,,,,,,,,1,16,,,,,,,,,,,,1376,,,,,
,,,,,,,,,,1,12,,,,,,,,,,,,1377,,,,,
,,,,,,,,,,1,19,,,,,,,,,,,,1378,,,,,
,,,,,,,,,,1,9,,,,,,,,,,,,1379,,,,,
,,,,,,,,,,1,12,,,,,,,,,,,,1380,,,,,
,,,,,,,,,,1,20,,,,,,,,,,,,1381,,,,,
,,,,,,,,,,1,19,,,,,,,,,,,,1382,,,,,
,,,,,,,,,,1,16,,,,,,,,,,,,1383,,,,,
,,,,,,,,,,1,13,,,,,,,,,,,,1384,,,,,
,,,,,,,,,,1,19,,,,,,,,,,,,1385,,,,,
,,,,,,,,,,1,5,,,,,,,,,,,,1386,,,,,
,,,,,,,,,,1,13,,,,,,,,,,,,1387,,,,,
,,,,,,,,,,1,3,,,,,,,,,,,,1388,,,,,
,,,,,,,,,,1,14,,,,,,,,,,,,1389,,,,,
,,,,,,,,,,1,4,,,,,,,,,,,,1390,,,,,
,,,,,,,,,,1,2,,,,,,,,,,,,1391,,,,,
,,,,,,,,,,1,16,,,,,,,,,,,,1392,,,,,
,,,,,,,,,,1,19,,,,,,,,,,,,1393,,,,,
,,,,,,,,,,1,15,,,,,,,,,,,,1394,,,,,
,,,,,,,,,,1,9,,,,,,,,,,,,1395,,,,,
,,,,,,,,,,1,10,,,,,,,,,,,,1396,,,,,
,,,,,,,,,,1,18,,,,,,,,,,,,1397,,,,,
,,,,,,,,,,1,9,,,,,,,,,,,,1398,,,,,
,,,,,,,,,,1,4,,,,,,,,,,,,1399,,,,,
,,,,,,,,,,1,13,,,,,,,,,,,,1400,,,,,
,,,,,,,,,,1,10,,,,,,,,,,,,1401,,,,,
,,,,,,,,,,1,6,,,,,,,,,,,,1402,,,,,
,,,,,,,,,,1,2,,,,,,,,,,,,1403,,,,,
,,,,,,,,,,1,11,,,,,,,,,,,,1404,,,,,
,,,,,,,,,,1,1,,,,,,,,,,,,1405,,,,,
,,,,,,,,,,1,14,,,,,,,,,,,,1406,,,,,
,,,,,,,,,,1,7,,,,,,,,,,,,1407,,,,,
,,,,,,,,,,1,19,,,,,,,,,,,,1408,,,,,
,,,,,,,,,,1,8,,,,,,,,,,,,1409,,,,,
,,,,,,,,,,1,10,,,,,,,,,,,,1410,,,,,
,,,,,,,,,,1,18,,,,,,,,,,,,1411,,,,,
,,,,,,,,,,1,19,,,,,,,,,,,,1412,,,,,
,,,,,,,,,,1,4,,,,,,,,,,,,1413,,,,,
,,,,,,,,,,1,2,,,,,,,,,,,,1414,,,,,
,,,,,,,,,,1,3,,,,,,,,,,,,1415,,,,,
,,,,,,,,,,1,6,,,,,,,,,,,,1416,,,,,
,,,,,,,,,,1,17,,,,,,,,,,,,1417,,,,,
,,,,,,,,,,1,1,,,,,,,,,,,,1418,,,,,
,,,,,,,,,,1,20,,,,,,,,,,,,1419,,,,,
,,,,,,,,,,1,7,,,,,,,,,,,,1420,,,,,
,,,,,,,,,,1,3,,,,,,,,,,,,1421,,,,,
,,,,,,,,,,1,16,,,,,,,,,,,,1422,,,,,
,,,,,,,,,,1,2,,,,,,,,,,,,1423,,,,,
,,,,,,,,,,1,16,,,,,,,,,,,,1424,,,,,
,,,,,,,,,,1,13,,,,,,,,,,,,1425,,,,,
,,,,,,,,,,1,2,,,,,,,,,,,,1426,,,,,
,,,,,,,,,,1,8,,,,,,,,,,,,1427,,,,,
,,,,,,,,,,1,11,,,,,,,,,,,,1428,,,,,
,,,,,,,,,,1,19,,,,,,,,,,,,1429,,,,,
,,,,,,,,,,1,4,,,,,,,,,,,,1430,,,,,
,,,,,,,,,,1,5,,,,,,,,,,,,1431,,,,,
,,,,,,,,,,1,16,,,,,,,,,,,,1432,,,,,
,,,,,,,,,,1,14,,,,,,,,,,,,1433,,,,,
,,,,,,,,,,1,10,,,,,,,,,,,,1434,,,,,
,,,,,,,,,,1,6,,,,,,,,,,,,1435,,,,,
,,,,,,,,,,1,18,,,,,,,,,,,,1436,,,,,
,,,,,,,,,,1,18,,,,,,,,,,,,1437,,,,,
,,,,,,,,,,1,8,,,,,,,,,,,,1438,,,,,
,,,,,,,,,,1,4,,,,,,,,,,,,1439,,,,,
,,,,,,,,,,1,5,,,,,,,,,,,,1440,,,,,
,,,,,,,,,,1,2,,,,,,,,,,,,1441,,,,,
,,,,,,,,,,1,9,,,,,,,,,,,,1442,,,,,
,,,,,,,,,,1,8,,,,,,,,,,,,1443,,,,,
,,,,,,,,,,1,10,,,,,,,,,,,,1444,,,,,
,,,,,,,,,,1,11,,,,,,,,,,,,1445,,,,,
,,,,,,,,,,1,6,,,,,,,,,,,,1446,,,,,
,,,,,,,,,,1,12,,,,,,,,,,,,1447,,,,,
,,,,,,,,,,1,4,,,,,,,,,,,,1448,,,,,
,,,,,,,,,,1,2,,,,,,,,,,,,1449,,,,,
,,,,,,,,,,1,5,,,,,,,,,,,,1450,,,,,
,,,,,,,,,,1,14,,,,,,,,,,,,1451,,,,,
,,,,,,,,,,1,7,,,,,,,,,,,,1452,,,,,
,,,,,,,,,,1,2,,,,,,,,,,,,1453,,,,,
,,,,,,,,,,1,13,,,,,,,,,,,,1454,,,,,
,,,,,,,,,,1,19,,,,,,,,,,,,1455,,,,,
,,,,,,,,,,1,8,,,,,,,,,,,,1456,,,,,